{
    "os": "Linux-4.18.0-477.27.1.el8_8.x86_64-x86_64-with-glibc2.28",
    "python": "3.10.14",
    "heartbeatAt": "2024-09-27T00:07:58.037878",
    "startedAt": "2024-09-27T00:07:50.671398",
    "docker": null,
    "cuda": null,
    "args": [
        "/scratch/group/alphafold_classifier/openfold_files/openfold_training/oligomers/mmcif_dir/train",
        "/scratch/group/alphafold_classifier/openfold_files/openfold_training/oligomers/alignment_dir/train",
        "/scratch/user/u.as139299/database/pdb_mmcif/mmcif_files",
        "/scratch/user/u.as139299/openfold_training",
        "2021-09-30",
        "--config_preset",
        "model_1_multimer_v3",
        "--template_release_dates_cache_path",
        "/scratch/group/alphafold_classifier/openfold_files/openfold_training/oligomers/cache_dir/template_mmcif_cache.json",
        "--seed",
        "77843",
        "--obsolete_pdbs_file_path",
        "/scratch/user/u.as139299/database/pdb_mmcif/obsolete.dat",
        "--resume_from_jax_params",
        "../openfold/resources/params/params_model_1_multimer_v3.npz",
        "--resume_model_weights_only",
        "False",
        "--train_mmcif_data_cache_path",
        "/scratch/group/alphafold_classifier/openfold_files/openfold_training/oligomers/cache_dir/train_mmcif_cache.json",
        "--val_mmcif_data_cache_path",
        "/scratch/group/alphafold_classifier/openfold_files/openfold_training/oligomers/cache_dir/val_mmcif_cache.json",
        "--val_data_dir",
        "/scratch/group/alphafold_classifier/openfold_files/openfold_training/oligomers/mmcif_dir/val",
        "--val_alignment_dir",
        "/scratch/group/alphafold_classifier/openfold_files/openfold_training/oligomers/alignment_dir/val",
        "--num_nodes",
        "1",
        "--gpus",
        "8",
        "--train_epoch_len",
        "1000",
        "--val_epoch_len",
        "1000",
        "--max_epochs",
        "1000",
        "--checkpoint_every_epoch",
        "--precision",
        "bf16-mixed",
        "--num_sanity_val_steps",
        "0",
        "--log_performance",
        "False",
        "--log_every_n_steps",
        "1",
        "--log_lr",
        "--wandb",
        "--wandb_project",
        "openfold_training",
        "--experiment_name",
        "deepspeed_faster_8GPUs",
        "--experiment_config_json",
        "../custom_config.json",
        "--accumulate_grad_batches",
        "4",
        "--deepspeed_config_path",
        "../deepspeed_config.json"
    ],
    "state": "running",
    "program": "/scratch/user/u.as139299/openfold_cuda12/slurm_jobs/../train_openfold.py",
    "codePathLocal": null,
    "codePath": "train_openfold.py",
    "git": {
        "remote": "https://github.com/abhinavb22/openfold.git",
        "commit": "bc5d2394d20d76bd0b39e119d6ded4e1b570bc00"
    },
    "email": "abhinavbharathwaj01@gmail.com",
    "root": "/scratch/user/u.as139299/openfold_cuda12",
    "host": "fc004",
    "username": "u.as139299",
    "executable": "/scratch/user/u.as139299/.conda/envs/openfold_cuda12/bin/python",
    "cpu_count": 64,
    "cpu_count_logical": 64,
    "cpu_freq": {
        "current": 3296.870296875,
        "min": 3400.0,
        "max": 3400.0
    },
    "cpu_freq_per_core": [
        {
            "current": 3400.0,
            "min": 3400.0,
            "max": 3400.0
        },
        {
            "current": 3400.0,
            "min": 3400.0,
            "max": 3400.0
        },
        {
            "current": 2800.0,
            "min": 3400.0,
            "max": 3400.0
        },
        {
            "current": 2800.0,
            "min": 3400.0,
            "max": 3400.0
        },
        {
            "current": 2800.0,
            "min": 3400.0,
            "max": 3400.0
        },
        {
            "current": 3400.0,
            "min": 3400.0,
            "max": 3400.0
        },
        {
            "current": 3400.0,
            "min": 3400.0,
            "max": 3400.0
        },
        {
            "current": 2799.997,
            "min": 3400.0,
            "max": 3400.0
        },
        {
            "current": 2800.003,
            "min": 3400.0,
            "max": 3400.0
        },
        {
            "current": 3400.0,
            "min": 3400.0,
            "max": 3400.0
        },
        {
            "current": 2800.002,
            "min": 3400.0,
            "max": 3400.0
        },
        {
            "current": 2800.0,
            "min": 3400.0,
            "max": 3400.0
        },
        {
            "current": 3400.0,
            "min": 3400.0,
            "max": 3400.0
        },
        {
            "current": 2799.997,
            "min": 3400.0,
            "max": 3400.0
        },
        {
            "current": 3400.0,
            "min": 3400.0,
            "max": 3400.0
        },
        {
            "current": 2800.0,
            "min": 3400.0,
            "max": 3400.0
        },
        {
            "current": 3400.0,
            "min": 3400.0,
            "max": 3400.0
        },
        {
            "current": 3400.0,
            "min": 3400.0,
            "max": 3400.0
        },
        {
            "current": 3400.0,
            "min": 3400.0,
            "max": 3400.0
        },
        {
            "current": 3400.0,
            "min": 3400.0,
            "max": 3400.0
        },
        {
            "current": 3400.0,
            "min": 3400.0,
            "max": 3400.0
        },
        {
            "current": 3400.0,
            "min": 3400.0,
            "max": 3400.0
        },
        {
            "current": 3400.0,
            "min": 3400.0,
            "max": 3400.0
        },
        {
            "current": 3400.0,
            "min": 3400.0,
            "max": 3400.0
        },
        {
            "current": 3400.0,
            "min": 3400.0,
            "max": 3400.0
        },
        {
            "current": 3400.0,
            "min": 3400.0,
            "max": 3400.0
        },
        {
            "current": 3400.0,
            "min": 3400.0,
            "max": 3400.0
        },
        {
            "current": 3400.0,
            "min": 3400.0,
            "max": 3400.0
        },
        {
            "current": 3400.0,
            "min": 3400.0,
            "max": 3400.0
        },
        {
            "current": 3400.0,
            "min": 3400.0,
            "max": 3400.0
        },
        {
            "current": 3400.0,
            "min": 3400.0,
            "max": 3400.0
        },
        {
            "current": 3400.0,
            "min": 3400.0,
            "max": 3400.0
        },
        {
            "current": 3400.0,
            "min": 3400.0,
            "max": 3400.0
        },
        {
            "current": 3400.0,
            "min": 3400.0,
            "max": 3400.0
        },
        {
            "current": 3400.0,
            "min": 3400.0,
            "max": 3400.0
        },
        {
            "current": 3400.0,
            "min": 3400.0,
            "max": 3400.0
        },
        {
            "current": 3400.0,
            "min": 3400.0,
            "max": 3400.0
        },
        {
            "current": 2799.997,
            "min": 3400.0,
            "max": 3400.0
        },
        {
            "current": 3400.0,
            "min": 3400.0,
            "max": 3400.0
        },
        {
            "current": 3400.0,
            "min": 3400.0,
            "max": 3400.0
        },
        {
            "current": 3400.0,
            "min": 3400.0,
            "max": 3400.0
        },
        {
            "current": 3400.0,
            "min": 3400.0,
            "max": 3400.0
        },
        {
            "current": 3400.0,
            "min": 3400.0,
            "max": 3400.0
        },
        {
            "current": 3400.0,
            "min": 3400.0,
            "max": 3400.0
        },
        {
            "current": 3400.0,
            "min": 3400.0,
            "max": 3400.0
        },
        {
            "current": 3400.0,
            "min": 3400.0,
            "max": 3400.0
        },
        {
            "current": 3400.0,
            "min": 3400.0,
            "max": 3400.0
        },
        {
            "current": 3400.0,
            "min": 3400.0,
            "max": 3400.0
        },
        {
            "current": 3400.0,
            "min": 3400.0,
            "max": 3400.0
        },
        {
            "current": 3400.0,
            "min": 3400.0,
            "max": 3400.0
        },
        {
            "current": 2624.194,
            "min": 3400.0,
            "max": 3400.0
        },
        {
            "current": 3400.0,
            "min": 3400.0,
            "max": 3400.0
        },
        {
            "current": 3400.0,
            "min": 3400.0,
            "max": 3400.0
        },
        {
            "current": 3400.0,
            "min": 3400.0,
            "max": 3400.0
        },
        {
            "current": 3400.0,
            "min": 3400.0,
            "max": 3400.0
        },
        {
            "current": 3400.0,
            "min": 3400.0,
            "max": 3400.0
        },
        {
            "current": 3400.0,
            "min": 3400.0,
            "max": 3400.0
        },
        {
            "current": 3400.0,
            "min": 3400.0,
            "max": 3400.0
        },
        {
            "current": 3400.0,
            "min": 3400.0,
            "max": 3400.0
        },
        {
            "current": 3400.0,
            "min": 3400.0,
            "max": 3400.0
        },
        {
            "current": 3400.0,
            "min": 3400.0,
            "max": 3400.0
        },
        {
            "current": 3400.0,
            "min": 3400.0,
            "max": 3400.0
        },
        {
            "current": 3400.0,
            "min": 3400.0,
            "max": 3400.0
        },
        {
            "current": 3400.0,
            "min": 3400.0,
            "max": 3400.0
        }
    ],
    "disk": {
        "/": {
            "total": 19.990234375,
            "used": 3.740650177001953
        }
    },
    "gpu": "NVIDIA A100-PCIE-40GB",
    "gpu_count": 8,
    "gpu_devices": [
        {
            "name": "NVIDIA A100-PCIE-40GB",
            "memory_total": 42949672960
        },
        {
            "name": "NVIDIA A100-PCIE-40GB",
            "memory_total": 42949672960
        },
        {
            "name": "NVIDIA A100-PCIE-40GB",
            "memory_total": 42949672960
        },
        {
            "name": "NVIDIA A100-PCIE-40GB",
            "memory_total": 42949672960
        },
        {
            "name": "NVIDIA A100-PCIE-40GB",
            "memory_total": 42949672960
        },
        {
            "name": "NVIDIA A100-PCIE-40GB",
            "memory_total": 42949672960
        },
        {
            "name": "NVIDIA A100-PCIE-40GB",
            "memory_total": 42949672960
        },
        {
            "name": "NVIDIA A100-PCIE-40GB",
            "memory_total": 42949672960
        }
    ],
    "memory": {
        "total": 1006.8439102172852
    }
}
